id,legacy_id,label,type,subtype,date_start,date_end,creator_display,agent_ids,institution_id,signature,source_url,drive_id,drive_url,local_src,image_url,iiif_url,description,source_reference,model_cluster,chain,path_group,include_demo,demo_priority,source_table,source_row_id,needs_review
img_011_campamento_camino_quindio,img_11,Campamento camino del Quindio,Imagen,Pintura,1824.0,1824.0,François Desiré Roulin,agt_roulin,inst_banrep,,https://descubridor.banrepcultural.org/permalink/57BDLRDC_INST/qk5q4l/alma991008927709707486,1AsU9pZJ0E7izMcH9nGeXXDqYsF1LMcul,https://drive.google.com/file/d/1AsU9pZJ0E7izMcH9nGeXXDqYsF1LMcul/view,8.jpg,/img/corpus/roulin/8.jpg,,"El boceto del campamento en el camino del Quindío se encuentra reproducido en la biografía de Francois Desire Roulin publicada por Marguerite Combes en 1929. La biógrafa reprodujo varios bocetos de Roulin en su texto sobre el francés. Estos dibujos, según Antei, se deben encontrar aun en alguna colección privada. Ninguno de estos se encuentra en la colección de acuarelas donada en 2003. El dibujo muestra un campamento en el camino del Quindío en el que se puede apreciar un carguero en el centro de la composición. Según refiere Combes, el sujeto con un paraguas abierto que está siendo cargado es un notario que acompañaba a Roulin y Boussigault a la misión de inspeccionar y levantar el plano de las minas de La Vega de Supía. Combes equivocadamente afirma que el sujeto que se puede ver en la parte inferior derecha es Boussingault. Esto no es posible porque este último había recibido la orden de tomar la ruta por el Páramo de Herveo para explorar la posibilidad de hacer llegar a la Vega Supía, por este paso, un material que enviado desde Inglaterra con un grupo de mineros de Cornualles. Roulin hace una referencia directa a este dibujo en un pie de página en un artículo sobre el Tapir de su recopilación de trabajos científicos llamado Histoire naturelle et souvenirs de voyage de 1865. Este pie de página no se encuentra en el texto original publicado en los Annales des Sciences Naturelles en 1829 para reportar su descubrimiento de una nueva especie de Tapir en los andes de la Nueva Granada (Tapirus Pinchaque, Tapir andino o Danta de montaña).  La información que le dieron los cargueros cuando estaba pasando por el camino del Quindío fue útil para establecer la existencia de una especie de Tapir que habita las tierras altas andinas. Esta información fue luego corroborada en el páramo del Sumapaz en donde unos cazadores dieron caza a dos tapires andinos que sirvieron a Roulin para describir y dibujar el animal. En el pie de página Roulin aclara que se refiere por “cargueros”  a los portadores que durante el buen tiempo (belle saison) llevan a sus espaldas una parte de las mercancías de Ibagué a Cartago, y durante el tiempo de lluvias (saison des pluies) llevan los viajeros y las mercancías, dado que el camino se hace impracticable para las mulas. Así mismo, afirma que en el Magasin Pittoresque de 1848, en la página 233, se puede encontrar figurado “un viajero del Quindío y su montura humana (un voyageurdu Quindiù et sa monture humaine)”.  Y, que el grabado referido está tomado del dibujo de un campamento del Quindío que él mismo había hecho para Humboldt. Francois Desire Roulin, “Mémoire pour servir à l'Histoire du Tapir; et Description d'une espèce nouvelle appartenant aux hautes régions de la Cordilière des Andes”, Annales Des Sciences Naturelles, 18, 1829: 26-56; François Desiré Roulin, “Le tapir. Découverte D'une Espèce Nouvelle Et Histoire de L'ancienne Espèce”, Histoire naturelle et souvenirs de voyage (Paris: J. Herzel Libraire Editeur, 1965): 261-309;","Marguerite Combes, Pauvre et aventureuse. Bourgeoisie. Roulin et ses amis (1796-1874), (Paris: Peyronnet, 1929)",roulin,quindio_supia,,yes,1.0,roulin_filtrado,11.0,yes
img_014_view_pass_quindio_province_popayan,img_14,View of the pass from Quindio. In the province of Popayan & cargueros (or carriers) who travel it,Imagen,Grabado,1827.0,1827.0,John Potter Hamilton [Atribuido]. Eduard Francis Finden [grab],agt_hamilton_john_potter;agt_finden_edward_francis,inst_internet_archive,,https://archive.org/details/travelsthroughin02hami/page/210/mode/2up,1GGvrXLnvP6pZnUO3LT3k3iAphMLjKXVe,https://drive.google.com/file/d/1GGvrXLnvP6pZnUO3LT3k3iAphMLjKXVe/view,11.jpg,/img/corpus/roulin/11.jpg,,"Esta lámina podría estar, según Antei (1995, p. 111-112), basada en el boceto de Roulin. Argumenta, la posición del carguero, el sombrero de copa, la sombrilla, el cambio de orientación en el tallado para el grabado, y muestra que efectivamente Hamilton y Roulin se conocieron en Bogotá. Esto apoya la tesis de de Josefina de la Maza, Carolina Vanegas, Ricardo Rey y Catalina Valdés acerca de la posibilidad de que Roulin tuviese un Álbun de láminas que ponía al servicio de los viajeros. Además, sirve de modelo a una vista anónima probablemente basada “en originales de Gaetano Osculati” (Antei 1995, p. 61).","John Potter Hamilton, Travels through the interior provinces of Columbia (Londres: John Murray, 1827)",roulin,quindio_supia,,yes,1.0,roulin_filtrado,14.0,yes
img_015_sin_titulo,img_15,[Carguero],Imagen,Grabado,1830.0,1830.0,Anónimo,agt_anonimo,inst_museo_nacional_colombia,,https://www.worldcat.org/es/title/guia-de-forasteros-viajes-ilustrados-por-colombia-1817-1857/oclc/34881687?referer=di&ht=edition,1iJH2jBdemYsIWUq_otobFWY-Su6wfAkt,https://drive.google.com/file/d/1iJH2jBdemYsIWUq_otobFWY-Su6wfAkt/view,12.jpg,/img/corpus/roulin/12.jpg,,"Vista anónima probablemente basada “en originales de Gaetano Osculati” (Antei 1995, p. 61). Semejanza con la lámina del relato de Hamilton. Antei no precisa a cuál original. Cita el relato de Osculati, pero allí no se encuentra la imagen original. (por lo menos en la edición revisada).","Museo Nacional de Colombia, Antei, Giorgio. Guía de forasteros : viajes ilustrados por Colombia, 1817-1857 / Giorgio Antei. Bogotá: Seguros Bolívar, 1995.",roulin,quindio_supia,,no,,roulin_filtrado,15.0,yes
img_021_costumes_colombie,img_21,Costumes / Colombie,Imagen,Grabado,1837.0,1837.0,Anónimo,agt_anonimo,inst_internet_archive,,https://archive.org/details/lunivershistoir64unkngoog/page/n600/mode/2up?view=theater,16S6Ff98wTViWO7DZvlLRUkrn1EkrBILp,https://drive.google.com/file/d/16S6Ff98wTViWO7DZvlLRUkrn1EkrBILp/view,18.jpg,/img/corpus/roulin/18.jpg,,"Las láminas que sirvieron de modelo a la composición fueron identificadas por Beatriz González y Carolina Vanegas, 2017. Esta última afirma que la figura del carguero está basada en la lámina de Hamilton","L'Univers. Histoire et Description de tous les Peuples. Bresil par Ferdinand Denis & Colombie et Guyanes par Cesar Famin (Paris: Firmin Didot Frères Éditeurs, 1837)",roulin,quindio_supia,,no,,roulin_filtrado,21.0,yes
img_022_passage_quindiu_entre_ibague_cartago,img_22,Le passage du Quindiu entre Ibague y Cartago,Imagen,Grabado,1836.0,1836.0,"Alcide d'Orbigny, Francois Desire Roulin (Dibj.)",agt_roulin;agt_dorbigny_alcide,inst_internet_archive,,https://archive.org/details/voyagepittoresque00orbirich/page/78/mode/2up,1oBjRHIPG72QUTyVt7Ay_40wC3pjNoO94,https://drive.google.com/file/d/1oBjRHIPG72QUTyVt7Ay_40wC3pjNoO94/view,19.jpg,/img/corpus/roulin/19.jpg,,"El dibujo de Roulin del campamento en el camino de Quindío fue modificado y convertido en grabado en el libro de viajes de Alcide d’Orbigny Voyage Pittoresque dans les deux Amériques, un popular libro contribuyó de manera significativa a la difusión del conocimiento de la Nueva Granada. D’Orbigny, un especialista en moluscos, pertenecía al mismo círculo científico de Cuvier y Roulin. Así como este último, también fue acreditado como “discípulo” en la edición del Reino Animal de 1836. De hecho, su figura juega un papel fundamental en la investigación acerca de la determinación de las características raciales de los americanos para la clasificación del Reino Animal de Cuvier. En el texto la lámina del campamento del Quindío se titula Passage du Quindiu entre Ibagué & Cartago. Es invocada en el contexto en el que se está narrando el viaje desde Bogotá hasta Guayaquil. La narración de este tramo sigue de cerca la descripción hecha por Humboldt en Vues. La lámina es invocada expresamente (“Pt.X -3”) para aludir a los contaderos, que es el lugar en los “altos de las montañas” con fuente de agua próxima y comida para las “bestias” en donde se establece el campamento. Allí d’Orbigny vuelve sobre un tema tratado por Humboldt en su relato. Este es el del uso del Bijao  (Bichai, se lee en el relato), la hoja de una planta que está provista de un barniz que la hace “impermeable”, a la que, según he mencionado en varias ocasiones, se refirió Humboldt. Por su parte, la lámina muestra a diversas figuras llevando a cabo actividades en el campamento. A pesar de ser producto de un calco, la composición de la lámina de d’Orbigny, en comparación con el boceto de Roulin, muestra algunas diferencias. El plano del grabado usado por d’Orbigny es más abierto. Como si se quisiera mostrar una vista general, al contrario del plano más cerrado de Roulin que quiere detenerse en los detalles. Asimismo, hay cambios en algunas figuras. Por ejemplo, el sujeto que Combes confundió por Boussingault, que se encuentra en el borde derecho de la lámina, ya no tiene apariencia de un sujeto distinguido, sino más bien parece un campesino local. Tampoco se pueden apreciar los cargueros armando la tienda con las hojas de Bijao. También es de interés la lámina Minas de la Vega de Supía que representa el siguiente tramo en el recorrido del viajero ficticio de d’Orbigny. Aunque no se encuentra entre las acuarelas donadas en el 2003, esta lámina es muy probablemente hecha a partir de un dibujo de Roulin.","Alcide D’Orbigny, Voyage pittoresque dans les deux Amériques (Chez L. Tenré, Libraire-éditeur)",roulin,quindio_supia,,yes,1.0,roulin_filtrado,22.0,yes
img_023_tabillo_maniere_dont_voyageurs_sont,img_23,El Tabillo: Maniére dont les voyageurs sont portés á dos d’homme dans les envirous de Pasto,Imagen,Grabado,1848.0,1848.0,A de Lattre. Original de Francois Desire Roulin,agt_roulin;agt_de_lattre_a,inst_bnf_gallica,,https://gallica.bnf.fr/ark:/12148/bpt6k314316/f237.item,1SDt6MnO2OcqZshOsaq3aVoRcTMWrr_Yo,https://drive.google.com/file/d/1SDt6MnO2OcqZshOsaq3aVoRcTMWrr_Yo/view,20.jpg,/img/corpus/roulin/20.jpg,,"Descripción del carguero en el Putumayo. Llama la atención que la técnica usada es diferente, la silla es más rudimentaria, y el pasajero mira hacia delante. Notar relación con la acuarela de Gutiérrez de Alba que refiere a un carguero en Caquetá, y con la del carguero de Ecuador de la expedición Malaspina. Parece ser una característica propia de los ejemplares del sur","Le Magasin pittoresque, 16, 1848",tablillo,corpus_ampliado,,no,,roulin_filtrado,23.0,yes
img_024_passage_dun_torrent,img_24,Passage d’un torrent,Imagen,Grabado,1848.0,1848.0,A de Lattre. Original de Francois Desire Roulin,agt_roulin;agt_de_lattre_a,inst_bnf_gallica,,https://gallica.bnf.fr/ark:/12148/bpt6k314316/f240.item,12hhl_9Viip9JZG_lGUkh2WJwcO8pJ8ur,https://drive.google.com/file/d/12hhl_9Viip9JZG_lGUkh2WJwcO8pJ8ur/view,21.jpg,/img/corpus/roulin/21.jpg,,"Este es un plano general de la imagen ""Tablillo, Maniére dont les voyageurs sont portés á dos d’homme dans les envirous de Pasto"". Mantiene esta peculiar disposición de la silla y de la carga. Fue reseñada en el libro ""Tarabitas y cabuyas: la representación del puente en el arte en Colombia durante el siglo XIX"" de Verónica Uribe Hanabergh.","Le Magasin pittoresque, 16, 1848",tablillo,corpus_ampliado,,no,,roulin_filtrado,24.0,yes
img_025_silla_maniere_porter_voyageurs_dans,img_25,La silla: maniére de porter les voyageurs dans le Quindiu,Imagen,Grabado,1848.0,1848.0,A de Lattre. Original de Francois Desire Roulin,agt_roulin;agt_de_lattre_a,inst_bnf_gallica,,https://gallica.bnf.fr/ark:/12148/bpt6k314316/f237.item,1TlPWqxuiOl16rqkjzv8Jc4PTM6vZp8Vj,https://drive.google.com/file/d/1TlPWqxuiOl16rqkjzv8Jc4PTM6vZp8Vj/view,22.jpg,/img/corpus/roulin/22.jpg,,"Tomada del modelo de Roulin. Se usa para contrastar con el método de las tierras del sur, llamado Tablillo","Le Magasin pittoresque, 16, 1848",roulin,quindio_supia,,yes,2.0,roulin_filtrado,25.0,yes
img_026_sin_titulo,img_26,[Carguero],Imagen,Grabado,1849.0,1849.0,Cordech,agt_cordech,inst_google_books,,https://books.google.com.cu/books?id=9JBEAAAAcAAJ&pg=PA89&hl=es&source=gbs_toc_r&cad=3#v=onepage&q&f=false,1fuOYUjdv2aKWHEXPf4Zv21S8LKWVAS9L,https://drive.google.com/file/d/1fuOYUjdv2aKWHEXPf4Zv21S8LKWVAS9L/view,25.jpg,/img/corpus/roulin/25.jpg,,"En 1849 apareció la misma imagen del artículo de Magasin Pittoresque de A de Lattre, aunque atribuyéndole el crédito a otro dibujante y sin atribuciones al grabado, en una versión española de la revista francesa denominada el Semanario Pintoresco Español atribuido a 'un viajero'",Semanario Pintoresco Español 12 (1849): 91,roulin,quindio_supia,,no,,roulin_filtrado,26.0,yes
img_027_die_silla,img_27,Die Silla,Imagen,Grabado,1851.0,1851.0,AHC. Rose,agt_rose_ahc,inst_desconocido,,https://pbc.gda.pl/dlibra/publication/79722/edition/72711?language=en,1wRmU5Ecy6c6UOewujZhpEML0l84B0_yg,https://drive.google.com/file/d/1wRmU5Ecy6c6UOewujZhpEML0l84B0_yg/view,26.jpg,/img/corpus/roulin/26.jpg,,"Otro ejemplar de la imagen del artículo de A de Lattre en Magasin Pittoresque puede encontrarse, con las mismas atribuciones al dibujante y al grabador, en la revista alemana Das Pfennig-Magazin, publicada en 1851. De acuerdo con un modelo de producción de impresos y de distribución y comercialización popularizado por The Penny Magazine -la directa competidora de The Saturday Magazine-, era habitual que entre estas revistas se compraran entre ellas los artículos y las planchas xilográficas para producir las imágenes y de esta manera llenar el contenido de las propias publicaciones. Estas revistas estaban orientadas a un público amplio y tenían un ánimo de instrucción y educación popular.",Das Pfennig-Magazin 19 (1851),roulin,quindio_supia,,no,,roulin_filtrado,27.0,yes
img_047_voyage_dos_dindie,img_47,Voyage a dos d’indie,Imagen,Grabado,1887.0,1887.0,C. P. Étienne,agt_etienne_cp,inst_internet_archive,,https://archive.org/details/nouvellegrenade00tigoog/page/n52/mode/2up,1XBH07TQsMywWmMPlh0AXepqeKvpN3Gmt,https://drive.google.com/file/d/1XBH07TQsMywWmMPlh0AXepqeKvpN3Gmt/view,44.jpg,/img/corpus/roulin/44.jpg,,,"Aperçu General sur la Colombie et recits de voyages en Amérique, (Geneve: Impr. M. Richter, 1887)",roulin,quindio_supia,,no,,roulin_filtrado,47.0,yes
img_124_tapir_pinchaque,img_124,Tapir Pinchaque,Imagen,Grabado,1829.0,1829.0,François Desiré Roulin,agt_roulin,inst_biodiversity_heritage_library,,https://www.biodiversitylibrary.org/item/29175#page/477/mode/1up,1dPCwf2JyHMH0P7M0CXCdFOw51XvCLsy_,https://drive.google.com/file/d/1dPCwf2JyHMH0P7M0CXCdFOw51XvCLsy_/view,131.jpg,/img/corpus/roulin/131.jpg,,"En el texto sobre el Tapir y en el texto sobre los animales domésticos en el Nuevo Mundo se puede ver en acción un modo de investigación relacionado con el paradigma que Cuvier llevaba a cabo, en el contexto de la emergencia de la biología, para entender el funcionamiento orgánico de los seres vivos. En la perspectiva de Foucault, la “episteme” que hace posible la biología crea nuevos objetos de estudio, como la “vida”, y nuevos métodos de investigación, como la anatomía comparada. En este contexto los cuerpos humanos y animales son entendidos como redes de órganos vitales que trabajan al unísono con otros órganos específicamente estructurados para facilitar la vida en un medio natural particular. Esta nueva episteme, la vida se comprende d modo dinámico y en constante movimiento, por oposición con la representación estática de seres vivos dispuestos en tablas taxonómicas de la Historia Natural practicada por personajes como Lineo y Mutis.  Para Roulin han sido justamente las observaciones directas e indirectas de los caracteres superficiales las que le permitieron sospechar de la existencia de una especie de Tapir no descubierta. Las descripciones hechas por cronistas como Oviedo y Argueda acerca de un Tapir de pelo negro habitante de las montañas, lejos de donde Roulin había observado todos los individuos hasta la fecha, lo pusieron alerta de esta posibilidad. Los rastros que observó en la montaña del Quindío y el testimonio de los cargueros, fueron otros indicios que se confirmaron cuando en el Sumapaz unos cazadores dieron muerte a un par de Tapires que cumplían las características que Roulin estaba buscando. Los cazadores se negaron a venderle los cadáveres para transportarlos a Bogotá y poder hacer su descripción tranquilamente. Por esta razón, tuvo que contentarse con “hacer una descripción abreviada en el acto, y con dibujar una simple línea a lápiz” (je dus me contenter d'en faire sur la place une description abrégée , et d'en prendre au crayon un simple trait). Para poder terminar su primer boceto adquiere la cabeza y los pies del Tapir más grande. Así mismo, afirma que para poder reproducir (reproduire) el perfil de la cabeza con más exactitud, la cámara-lúcida de Wollaston le ayudó a determinar fielmente su contorno. De esta manera Roulin completó una serie de dibujos que son puestos “ante los ojos de la Academia” (sous les yeux de l'Académie) al ser adjuntados a su memoria publicada en los Anales de Ciencias Naturales.","“Mémoire pour servir à l'Histoire du Tapir; et Description d'une espèce nouvelle appartenant aux hautes régions de la Cordilière des Andes”, Annales Des Sciences Naturelles, 18, 1829: 26-56.",roulin,tapir_palaeotherium,,yes,1.0,roulin_filtrado,124.0,yes
img_125_tete_tapir_pinchaque,img_125,Tete du Tapir Pinchaque,Imagen,Grabado,1829.0,1829.0,François Desiré Roulin,agt_roulin,inst_biodiversity_heritage_library,,https://www.biodiversitylibrary.org/item/29175#page/477/mode/1up,1VzgI_BLG7Il96Uj6lZw5t3YA3XJtlHdI,https://drive.google.com/file/d/1VzgI_BLG7Il96Uj6lZw5t3YA3XJtlHdI/view,132.jpg,/img/corpus/roulin/132.jpg,,"En el texto sobre el Tapir y en el texto sobre los animales domésticos en el Nuevo Mundo se puede ver en acción un modo de investigación relacionado con el paradigma que Cuvier llevaba a cabo, en el contexto de la emergencia de la biología, para entender el funcionamiento orgánico de los seres vivos. En la perspectiva de Foucault, la “episteme” que hace posible la biología crea nuevos objetos de estudio, como la “vida”, y nuevos métodos de investigación, como la anatomía comparada. En este contexto los cuerpos humanos y animales son entendidos como redes de órganos vitales que trabajan al unísono con otros órganos específicamente estructurados para facilitar la vida en un medio natural particular. Esta nueva episteme, la vida se comprende d modo dinámico y en constante movimiento, por oposición con la representación estática de seres vivos dispuestos en tablas taxonómicas de la Historia Natural practicada por personajes como Lineo y Mutis.  Para Roulin han sido justamente las observaciones directas e indirectas de los caracteres superficiales las que le permitieron sospechar de la existencia de una especie de Tapir no descubierta. Las descripciones hechas por cronistas como Oviedo y Argueda acerca de un Tapir de pelo negro habitante de las montañas, lejos de donde Roulin había observado todos los individuos hasta la fecha, lo pusieron alerta de esta posibilidad. Los rastros que observó en la montaña del Quindío y el testimonio de los cargueros, fueron otros indicios que se confirmaron cuando en el Sumapaz unos cazadores dieron muerte a un par de Tapires que cumplían las características que Roulin estaba buscando. Los cazadores se negaron a venderle los cadáveres para transportarlos a Bogotá y poder hacer su descripción tranquilamente. Por esta razón, tuvo que contentarse con “hacer una descripción abreviada en el acto, y con dibujar una simple línea a lápiz” (je dus me contenter d'en faire sur la place une description abrégée , et d'en prendre au crayon un simple trait). Para poder terminar su primer boceto adquiere la cabeza y los pies del Tapir más grande. Así mismo, afirma que para poder reproducir (reproduire) el perfil de la cabeza con más exactitud, la cámara-lúcida de Wollaston le ayudó a determinar fielmente su contorno. De esta manera Roulin completó una serie de dibujos que son puestos “ante los ojos de la Academia” (sous les yeux de l'Académie) al ser adjuntados a su memoria publicada en los Anales de Ciencias Naturales.","“Mémoire pour servir à l'Histoire du Tapir; et Description d'une espèce nouvelle appartenant aux hautes régions de la Cordilière des Andes”, Annales Des Sciences Naturelles, 18, 1829: 26-56.",roulin,tapir_palaeotherium,,yes,1.0,roulin_filtrado,125.0,yes
img_126_tete_tapir_cayenne,img_126,Tete du Tapir Du Cayenne,Imagen,Grabado,1829.0,1829.0,François Desiré Roulin,agt_roulin,inst_biodiversity_heritage_library,,https://www.biodiversitylibrary.org/item/29175#page/477/mode/1up,1vbaEoIsfo3H6_CxA1ePlkjQi5svNiP4X,https://drive.google.com/file/d/1vbaEoIsfo3H6_CxA1ePlkjQi5svNiP4X/view,133.jpg,/img/corpus/roulin/133.jpg,,"En el texto sobre el Tapir y en el texto sobre los animales domésticos en el Nuevo Mundo se puede ver en acción un modo de investigación relacionado con el paradigma que Cuvier llevaba a cabo, en el contexto de la emergencia de la biología, para entender el funcionamiento orgánico de los seres vivos. En la perspectiva de Foucault, la “episteme” que hace posible la biología crea nuevos objetos de estudio, como la “vida”, y nuevos métodos de investigación, como la anatomía comparada. En este contexto los cuerpos humanos y animales son entendidos como redes de órganos vitales que trabajan al unísono con otros órganos específicamente estructurados para facilitar la vida en un medio natural particular. Esta nueva episteme, la vida se comprende d modo dinámico y en constante movimiento, por oposición con la representación estática de seres vivos dispuestos en tablas taxonómicas de la Historia Natural practicada por personajes como Lineo y Mutis.  Para Roulin han sido justamente las observaciones directas e indirectas de los caracteres superficiales las que le permitieron sospechar de la existencia de una especie de Tapir no descubierta. Las descripciones hechas por cronistas como Oviedo y Argueda acerca de un Tapir de pelo negro habitante de las montañas, lejos de donde Roulin había observado todos los individuos hasta la fecha, lo pusieron alerta de esta posibilidad. Los rastros que observó en la montaña del Quindío y el testimonio de los cargueros, fueron otros indicios que se confirmaron cuando en el Sumapaz unos cazadores dieron muerte a un par de Tapires que cumplían las características que Roulin estaba buscando. Los cazadores se negaron a venderle los cadáveres para transportarlos a Bogotá y poder hacer su descripción tranquilamente. Por esta razón, tuvo que contentarse con “hacer una descripción abreviada en el acto, y con dibujar una simple línea a lápiz” (je dus me contenter d'en faire sur la place une description abrégée , et d'en prendre au crayon un simple trait). Para poder terminar su primer boceto adquiere la cabeza y los pies del Tapir más grande. Así mismo, afirma que para poder reproducir (reproduire) el perfil de la cabeza con más exactitud, la cámara-lúcida de Wollaston le ayudó a determinar fielmente su contorno. De esta manera Roulin completó una serie de dibujos que son puestos “ante los ojos de la Academia” (sous les yeux de l'Académie) al ser adjuntados a su memoria publicada en los Anales de Ciencias Naturales.","“Mémoire pour servir à l'Histoire du Tapir; et Description d'une espèce nouvelle appartenant aux hautes régions de la Cordilière des Andes”, Annales Des Sciences Naturelles, 18, 1829: 26-56.",roulin,tapir_palaeotherium,,yes,1.0,roulin_filtrado,126.0,yes
img_127_tete_tapir_sumatra,img_127,Tete du Tapir de Sumatra,Imagen,Grabado,1829.0,1829.0,François Desiré Roulin,agt_roulin,inst_biodiversity_heritage_library,,https://www.biodiversitylibrary.org/item/29175#page/477/mode/1up,1AR_3F6lp-cPfyxU-Ajk6om2-fa4P7lgj,https://drive.google.com/file/d/1AR_3F6lp-cPfyxU-Ajk6om2-fa4P7lgj/view,134.jpg,/img/corpus/roulin/134.jpg,,"En el texto sobre el Tapir y en el texto sobre los animales domésticos en el Nuevo Mundo se puede ver en acción un modo de investigación relacionado con el paradigma que Cuvier llevaba a cabo, en el contexto de la emergencia de la biología, para entender el funcionamiento orgánico de los seres vivos. En la perspectiva de Foucault, la “episteme” que hace posible la biología crea nuevos objetos de estudio, como la “vida”, y nuevos métodos de investigación, como la anatomía comparada. En este contexto los cuerpos humanos y animales son entendidos como redes de órganos vitales que trabajan al unísono con otros órganos específicamente estructurados para facilitar la vida en un medio natural particular. Esta nueva episteme, la vida se comprende d modo dinámico y en constante movimiento, por oposición con la representación estática de seres vivos dispuestos en tablas taxonómicas de la Historia Natural practicada por personajes como Lineo y Mutis.  Para Roulin han sido justamente las observaciones directas e indirectas de los caracteres superficiales las que le permitieron sospechar de la existencia de una especie de Tapir no descubierta. Las descripciones hechas por cronistas como Oviedo y Argueda acerca de un Tapir de pelo negro habitante de las montañas, lejos de donde Roulin había observado todos los individuos hasta la fecha, lo pusieron alerta de esta posibilidad. Los rastros que observó en la montaña del Quindío y el testimonio de los cargueros, fueron otros indicios que se confirmaron cuando en el Sumapaz unos cazadores dieron muerte a un par de Tapires que cumplían las características que Roulin estaba buscando. Los cazadores se negaron a venderle los cadáveres para transportarlos a Bogotá y poder hacer su descripción tranquilamente. Por esta razón, tuvo que contentarse con “hacer una descripción abreviada en el acto, y con dibujar una simple línea a lápiz” (je dus me contenter d'en faire sur la place une description abrégée , et d'en prendre au crayon un simple trait). Para poder terminar su primer boceto adquiere la cabeza y los pies del Tapir más grande. Así mismo, afirma que para poder reproducir (reproduire) el perfil de la cabeza con más exactitud, la cámara-lúcida de Wollaston le ayudó a determinar fielmente su contorno. De esta manera Roulin completó una serie de dibujos que son puestos “ante los ojos de la Academia” (sous les yeux de l'Académie) al ser adjuntados a su memoria publicada en los Anales de Ciencias Naturales.","“Mémoire pour servir à l'Histoire du Tapir; et Description d'une espèce nouvelle appartenant aux hautes régions de la Cordilière des Andes”, Annales Des Sciences Naturelles, 18, 1829: 26-56.",roulin,tapir_palaeotherium,,yes,1.0,roulin_filtrado,127.0,yes
img_128_me_chinois_tapir_assis_meme,img_128,"Me de Chinois, Tapir assis, Le meme transforme en Griffon",Imagen,Grabado,1829.0,1829.0,François Desiré Roulin,agt_roulin,inst_biodiversity_heritage_library,,https://www.biodiversitylibrary.org/item/29175#page/477/mode/1up,1msJ8nG752Rk7WdKYwcHx2SnGXrjUFuEO,https://drive.google.com/file/d/1msJ8nG752Rk7WdKYwcHx2SnGXrjUFuEO/view,135.jpg,/img/corpus/roulin/135.jpg,,"En el texto sobre el Tapir y en el texto sobre los animales domésticos en el Nuevo Mundo se puede ver en acción un modo de investigación relacionado con el paradigma que Cuvier llevaba a cabo, en el contexto de la emergencia de la biología, para entender el funcionamiento orgánico de los seres vivos. En la perspectiva de Foucault, la “episteme” que hace posible la biología crea nuevos objetos de estudio, como la “vida”, y nuevos métodos de investigación, como la anatomía comparada. En este contexto los cuerpos humanos y animales son entendidos como redes de órganos vitales que trabajan al unísono con otros órganos específicamente estructurados para facilitar la vida en un medio natural particular. Esta nueva episteme, la vida se comprende d modo dinámico y en constante movimiento, por oposición con la representación estática de seres vivos dispuestos en tablas taxonómicas de la Historia Natural practicada por personajes como Lineo y Mutis.  Para Roulin han sido justamente las observaciones directas e indirectas de los caracteres superficiales las que le permitieron sospechar de la existencia de una especie de Tapir no descubierta. Las descripciones hechas por cronistas como Oviedo y Argueda acerca de un Tapir de pelo negro habitante de las montañas, lejos de donde Roulin había observado todos los individuos hasta la fecha, lo pusieron alerta de esta posibilidad. Los rastros que observó en la montaña del Quindío y el testimonio de los cargueros, fueron otros indicios que se confirmaron cuando en el Sumapaz unos cazadores dieron muerte a un par de Tapires que cumplían las características que Roulin estaba buscando. Los cazadores se negaron a venderle los cadáveres para transportarlos a Bogotá y poder hacer su descripción tranquilamente. Por esta razón, tuvo que contentarse con “hacer una descripción abreviada en el acto, y con dibujar una simple línea a lápiz” (je dus me contenter d'en faire sur la place une description abrégée , et d'en prendre au crayon un simple trait). Para poder terminar su primer boceto adquiere la cabeza y los pies del Tapir más grande. Así mismo, afirma que para poder reproducir (reproduire) el perfil de la cabeza con más exactitud, la cámara-lúcida de Wollaston le ayudó a determinar fielmente su contorno. De esta manera Roulin completó una serie de dibujos que son puestos “ante los ojos de la Academia” (sous les yeux de l'Académie) al ser adjuntados a su memoria publicada en los Anales de Ciencias Naturales.","“Mémoire pour servir à l'Histoire du Tapir; et Description d'une espèce nouvelle appartenant aux hautes régions de la Cordilière des Andes”, Annales Des Sciences Naturelles, 18, 1829: 26-56.",roulin,tapir_palaeotherium,,yes,1.0,roulin_filtrado,128.0,yes
img_138_planche_14_races_humanes_races,img_138,Planche 14. Races Humanes. Races Americaines. Indiens du Bassin de l'Orinoque,Imagen,Grabado,1836.0,1836.0,"Georges Cuvier, François Desiré Roulin(Dibj.)",agt_roulin;agt_cuvier_georges,inst_biodiversity_heritage_library,,https://www.biodiversitylibrary.org/item/135445#page/55/mode/1up,1LgS_IheyuUwN2FjXZmGMyW1iO2XF46sE,https://drive.google.com/file/d/1LgS_IheyuUwN2FjXZmGMyW1iO2XF46sE/view,145.jpg,/img/corpus/roulin/145.jpg,,"En el Raino animal de Cuvier, acerca de la raza de los americanos, se dice lo siguiente: ""Los propios americanos no han sido aun claramente relacionados con ninguna de nuestras razas del viejo continente, y sin embargo tampoco tienen un carácter a la vez preciso y constante que pueda hacer de ella una raza particular. Su tez rojo cobre no es suficiente; sus cabellos generalmente negros y su barba rala los harían referirse a los mongoles, sus rasgos aleteados tan pronunciados, su nariz tan saliente como la nuestra, sus ojos grandes y abiertos, no los oponían y correspondían a nuestras formas europeas; sus idiomas son tan innumerables como sus tribus, y aún no hemos podido captar ninguna analogía demostrativa ni entre ellos ni con los del Viejo Mundo"". (103-104). Para fundamentar esta afirmación cita como referencia los viajes de Humboldt. Así mismo, invoca una serie de planchas que se encuentran en el Atlas de los mamíferos de la edición de los discípulos del Reino Animal en las que se ilustran algunas de las variedades de esta raza indeterminada que aún no se ha podido caracterizar de manera suficiente. Entre estas, la plancha catorce se refiere a los “indios de la cuenca del Orinoco”, entre los cuales se encuentran cuatro retratos: uno de un joven de la nación ACHAGUA, nación que habita a orillas del río Ele y otros afluentes del Casanare; otro de un joven de la nación SALIVA; orillas del río Sinaruco; otro de un anciano de la nación COREGUAGE; riberas del Guayavero afluente del Guaviare; y, finalmente, uno de una joven de la nación AMARIZANA a orillas del Guaviare. En la parte inferior, hay una referencia que dice que las imágenes fueron elaboradas a partir del natural por M. Roulin.","Cuvier, Georges, Jean Victor Audouin, Emile Blanchard, G. P. Deshayes, Georges Milne-Edwards Douvernoy, L. Doyère, L. Doyère, et al. 1836. Le règne animal distribué d’après son organisation, pour servir de base à l’histoire naturelle des animaux et d’introduction à l’anatomie comparée. Paris: Fortin, Masson et cie. https://doi.org/10.5962/bhl.title.39612. Planche 14.",cuvier,tapir_palaeotherium,,yes,1.0,roulin_filtrado,138.0,yes
img_139_planche_14_races_humanes_races,img_139,Planche 14. Races Humanes. Races Americaines. Indiens du Bassin de l'Orinoque,Imagen,Grabado,1836.0,1836.0,"Georges Cuvier, François Desiré Roulin(Dibj.)",agt_roulin;agt_cuvier_georges,inst_biodiversity_heritage_library,,https://www.biodiversitylibrary.org/item/135445#page/54/mode/1up,1hHSpzO9Twry6GxAkVEqUXcHSKqayrcKL,https://drive.google.com/file/d/1hHSpzO9Twry6GxAkVEqUXcHSKqayrcKL/view,146.jpg,/img/corpus/roulin/146.jpg,,"En el Raino animal de Cuvier, acerca de la raza de los americanos, se dice lo siguiente: ""Los propios americanos no han sido aun claramente relacionados con ninguna de nuestras razas del viejo continente, y sin embargo tampoco tienen un carácter a la vez preciso y constante que pueda hacer de ella una raza particular. Su tez rojo cobre no es suficiente; sus cabellos generalmente negros y su barba rala los harían referirse a los mongoles, sus rasgos aleteados tan pronunciados, su nariz tan saliente como la nuestra, sus ojos grandes y abiertos, no los oponían y correspondían a nuestras formas europeas; sus idiomas son tan innumerables como sus tribus, y aún no hemos podido captar ninguna analogía demostrativa ni entre ellos ni con los del Viejo Mundo"". (103-104). Para fundamentar esta afirmación cita como referencia los viajes de Humboldt. Así mismo, invoca una serie de planchas que se encuentran en el Atlas de los mamíferos de la edición de los discípulos del Reino Animal en las que se ilustran algunas de las variedades de esta raza indeterminada que aún no se ha podido caracterizar de manera suficiente. Entre estas, la plancha catorce se refiere a los “indios de la cuenca del Orinoco”, entre los cuales se encuentran cuatro retratos: uno de un joven de la nación ACHAGUA, nación que habita a orillas del río Ele y otros afluentes del Casanare; otro de un joven de la nación SALIVA; orillas del río Sinaruco; otro de un anciano de la nación COREGUAGE; riberas del Guayavero afluente del Guaviare; y, finalmente, uno de una joven de la nación AMARIZANA a orillas del Guaviare. En la parte inferior, hay una referencia que dice que las imágenes fueron elaboradas a partir del natural por M. Roulin.","Cuvier, Georges, Jean Victor Audouin, Emile Blanchard, G. P. Deshayes, Georges Milne-Edwards Douvernoy, L. Doyère, L. Doyère, et al. 1836. Le règne animal distribué d’après son organisation, pour servir de base à l’histoire naturelle des animaux et d’introduction à l’anatomie comparée. Paris: Fortin, Masson et cie. https://doi.org/10.5962/bhl.title.39612. Planche 14.",cuvier,tapir_palaeotherium,,yes,1.0,roulin_filtrado,139.0,yes
img_ap2120_navegation_sur_magdalena,img_140,Navegation sur la Magdalena (Navegación en el Magdalena),Imagen,Pintura,1823.0,1823.0,François Desiré Roulin,agt_roulin,inst_banrep,AP2120,https://www.banrepcultural.org/coleccion-de-arte/artista/fran%C3%A7ois-d%C3%A9sir%C3%A9-roulin,1EQ-9a6xwUbKuw1ow0B0kbK4yMrdd-1T6,https://drive.google.com/file/d/1EQ-9a6xwUbKuw1ow0B0kbK4yMrdd-1T6/view,147.jpg,/img/corpus/roulin/147.jpg,,,"Colección de Arte del Banco de la República, reg: AP2120",roulin,magdalena_observacion,,no,,roulin_filtrado,140.0,yes
img_ap3676_champan_sur_magdalena,img_141,Champan sur la Magdalena (Champán en el Magdalena),Imagen,Pintura,1823.0,1823.0,François Desiré Roulin,agt_roulin,inst_banrep,AP3676,https://www.banrepcultural.org/coleccion-de-arte/artista/fran%C3%A7ois-d%C3%A9sir%C3%A9-roulin,1p50O08PyBcX3V5YtG1TDHLLlrUjncm6n,https://drive.google.com/file/d/1p50O08PyBcX3V5YtG1TDHLLlrUjncm6n/view,148.jpg,/img/corpus/roulin/148.jpg,,,"Colección de Arte del Banco de la República, reg: AP3676",roulin,magdalena_observacion,,no,,roulin_filtrado,141.0,yes
img_ap4076_bords_magdelaine,img_142,Bords de la Magdelaine (Orillas del Magdalena),Imagen,Pintura,1823.0,1823.0,François Desiré Roulin,agt_roulin,inst_banrep,AP4076,https://www.banrepcultural.org/coleccion-de-arte/artista/fran%C3%A7ois-d%C3%A9sir%C3%A9-roulin,13FGSDXtbvKEt9ysUhCQc18bQBUrvEQpN,https://drive.google.com/file/d/13FGSDXtbvKEt9ysUhCQc18bQBUrvEQpN/view,149.jpg,/img/corpus/roulin/149.jpg,,,"Colección de Arte del Banco de la República, reg: AP4076",roulin,magdalena_observacion,,no,,roulin_filtrado,142.0,yes
img_ap4077_bords_magdelaine_bal_petit,img_143,Bords de la Magdelaine. Le bal du petit ange (Orillas del Magdalena. El baile del angelito),Imagen,Pintura,1823.0,1823.0,François Desiré Roulin,agt_roulin,inst_banrep,AP4077,https://www.banrepcultural.org/coleccion-de-arte/artista/fran%C3%A7ois-d%C3%A9sir%C3%A9-roulin,1XxkXBrZIuw652ecDVulHgLiivixAEQbL,https://drive.google.com/file/d/1XxkXBrZIuw652ecDVulHgLiivixAEQbL/view,150.jpg,/img/corpus/roulin/150.jpg,,,"Colección de Arte del Banco de la República, reg: AP4077",roulin,magdalena_observacion,,no,,roulin_filtrado,143.0,yes
img_ap4078_bords_magdelaine_marche_mompox,img_144,Bords de la Magdelaine. Marché à Mompox (Orillas del Magdalena. Mercado en Mompox),Imagen,Pintura,1823.0,1823.0,François Desiré Roulin,agt_roulin,inst_banrep,AP4078,https://www.banrepcultural.org/coleccion-de-arte/artista/fran%C3%A7ois-d%C3%A9sir%C3%A9-roulin,1ozUa3Ua3bCv5xR6P1JECgzLwPkSbhOrV,https://drive.google.com/file/d/1ozUa3Ua3bCv5xR6P1JECgzLwPkSbhOrV/view,151.jpg,/img/corpus/roulin/151.jpg,,,"Colección de Arte del Banco de la República, reg: AP4078",roulin,magdalena_observacion,,no,,roulin_filtrado,144.0,yes
img_ap4079_sin_titulo,img_145,(Orillas del Magdalena. Balsa : canoa llamada champán),Imagen,Pintura,1823.0,1823.0,François Desiré Roulin,agt_roulin,inst_banrep,AP4079,https://www.banrepcultural.org/coleccion-de-arte/artista/fran%C3%A7ois-d%C3%A9sir%C3%A9-roulin,1yd9O_OM_J5Hmne2Tuq6ZXteVgSgkeGMt,https://drive.google.com/file/d/1yd9O_OM_J5Hmne2Tuq6ZXteVgSgkeGMt/view,152.jpg,/img/corpus/roulin/152.jpg,,,"Colección de Arte del Banco de la República, reg: AP4079",roulin,magdalena_observacion,,no,,roulin_filtrado,145.0,yes
img_ap4080_bords_magdelaine_menage_d,img_146,Bords de la Magdelaine. Ménage d'une famille de pêcheur (Orillas del Magdalena. Hogar de una familia de pescadores),Imagen,Pintura,1823.0,1823.0,François Desiré Roulin,agt_roulin,inst_banrep,AP4080,https://www.banrepcultural.org/coleccion-de-arte/artista/fran%C3%A7ois-d%C3%A9sir%C3%A9-roulin,14oqlvqdRb4rzvtzu1dFmrLoxf3djWqg-,https://drive.google.com/file/d/14oqlvqdRb4rzvtzu1dFmrLoxf3djWqg-/view,153.jpg,/img/corpus/roulin/153.jpg,,"Por su parte, las acuarelas de Roulin encontradas en 2003 también se pueden interpretar en relación con una memoria presentada por el mismo autor a los Anales de Ciencias Naturales en 1829 acerca de los animales domésticos traídos de Europa al Nuevo Mundo. La acuarela Bords de la Magdelaine. Ménage d'une famille de pêcheur de 1823 parece ser una ilustración de ese texto en el que se menciona que las viviendas de pescadores en las orillas del Magdalena albergan “perros de tierra caliente”, cuya raza se ha deteriorado por falta de alimento y condiciones excepcionales que obligan a los animales a volver a estados salvajes. En las láminas de Roulin, como Bords de la Magdelaine, Place de St. Victorin à Bogotá o Entrée du marché de Honda, se pueden ver perros conviviendo junto a humanos en diferentes climas y regiones. Esto permite ver cómo los perros han cambiado y se han adaptado a diferentes entornos y situaciones, y cómo han afectado a, y se han visto afectados por, las comunidades en las que viven. En definitiva, las acuarelas de Roulin, en conjunto con su memoria escrita, ofrecen una visión valiosa sobre los cambios en los animales domésticos y su relación con los climas y las comunidades en el Nuevo Mundo.","Colección de Arte del Banco de la República, reg: AP4080",roulin,magdalena_observacion,,yes,1.0,roulin_filtrado,146.0,yes
img_ap4081_bords_magdelaine_preparation_diner,img_147,Bords de la Magdelaine. Préparation du dîner (Orillas del Magdalena. Preparación de la cena),Imagen,Pintura,1823.0,1823.0,François Desiré Roulin,agt_roulin,inst_banrep,AP4081,https://www.banrepcultural.org/coleccion-de-arte/artista/fran%C3%A7ois-d%C3%A9sir%C3%A9-roulin,16Jn0HDIYeHhpZHVIQYv2dFTkJnyi6hC2,https://drive.google.com/file/d/16Jn0HDIYeHhpZHVIQYv2dFTkJnyi6hC2/view,154.jpg,/img/corpus/roulin/154.jpg,,,"Colección de Arte del Banco de la República, reg: AP4081",roulin,magdalena_observacion,,no,,roulin_filtrado,147.0,yes
img_ap4082_diner_ste_marthe,img_148,Le dîner à Ste. Marthe (La cena en Santa Marta),Imagen,Pintura,1823.0,1823.0,François Desiré Roulin,agt_roulin,inst_banrep,AP4082,https://www.banrepcultural.org/coleccion-de-arte/artista/fran%C3%A7ois-d%C3%A9sir%C3%A9-roulin,1bB1P5GL46SNTmcVpcTqjb8PIu7uj5zn0,https://drive.google.com/file/d/1bB1P5GL46SNTmcVpcTqjb8PIu7uj5zn0/view,155.jpg,/img/corpus/roulin/155.jpg,,,"Colección de Arte del Banco de la República, reg: AP4082",roulin,corpus_ampliado,,no,,roulin_filtrado,148.0,yes
img_ap4083_entree_marche_honda,img_149,Entrée du marché de Honda (Entrada del mercado de Honda),Imagen,Pintura,1823.0,1823.0,François Desiré Roulin,agt_roulin,inst_banrep,AP4083,https://www.banrepcultural.org/coleccion-de-arte/artista/fran%C3%A7ois-d%C3%A9sir%C3%A9-roulin,1rflVmaeNd0iI2CgmsnDYPsU9OfLJusqc,https://drive.google.com/file/d/1rflVmaeNd0iI2CgmsnDYPsU9OfLJusqc/view,156.jpg,/img/corpus/roulin/156.jpg,,,"Colección de Arte del Banco de la República, reg: AP4083",roulin,corpus_ampliado,,no,,roulin_filtrado,149.0,yes
img_ap4084_montagne_sergent_entre_ville,img_150,"La montagne du Sergent, entre la ville de Honda et Guaduás (La montaña del Sargento, entre la ciudad de Honda y Guaduas)",Imagen,Pintura,1823.0,1823.0,François Desiré Roulin,agt_roulin,inst_banrep,AP4084,https://www.banrepcultural.org/coleccion-de-arte/artista/fran%C3%A7ois-d%C3%A9sir%C3%A9-roulin,1bIjILOn-VGCs0i7oqyBH-ISjecS-Ve6j,https://drive.google.com/file/d/1bIjILOn-VGCs0i7oqyBH-ISjecS-Ve6j/view,157.jpg,/img/corpus/roulin/157.jpg,,,"Colección de Arte del Banco de la República, reg: AP4084",roulin,corpus_ampliado,,no,,roulin_filtrado,150.0,yes
img_ap4085_vagre_poisson_magdelaine_selles,img_151,"Le Vagre, poisson de la Magdelaine. Selles, ustensiles (El bagre, pescado del Magdalena. Sillas, utensilios)",Imagen,Pintura,1823.0,1823.0,François Desiré Roulin,agt_roulin,inst_banrep,AP4085,https://www.banrepcultural.org/coleccion-de-arte/artista/fran%C3%A7ois-d%C3%A9sir%C3%A9-roulin,1-LOcxzZBCr_6puiWx5tEtHv50x2wXPJu,https://drive.google.com/file/d/1-LOcxzZBCr_6puiWx5tEtHv50x2wXPJu/view,158.jpg,/img/corpus/roulin/158.jpg,,,"Colección de Arte del Banco de la República, reg: AP4085",roulin,quindio_supia,,no,,roulin_filtrado,151.0,yes
img_ap4086_joueuse_harpe,img_152,La joueuse de harpe (La intérprete de harpa),Imagen,Pintura,1823.0,1823.0,François Desiré Roulin,agt_roulin,inst_banrep,AP4086,https://www.banrepcultural.org/coleccion-de-arte/artista/fran%C3%A7ois-d%C3%A9sir%C3%A9-roulin,1NAK6T8Ki6XYf_LODZ3W4jDl9iYzHmZjR,https://drive.google.com/file/d/1NAK6T8Ki6XYf_LODZ3W4jDl9iYzHmZjR/view,159.jpg,/img/corpus/roulin/159.jpg,,,"Colección de Arte del Banco de la República, reg: AP4086",roulin,corpus_ampliado,,no,,roulin_filtrado,152.0,yes
img_ap4087_place_major_bogota_douane,img_153,Place Major de Bogotá. Douane (Plaza Mayor de Bogotá. Aduana),Imagen,Pintura,1823.0,1823.0,François Desiré Roulin,agt_roulin,inst_banrep,AP4087,https://www.banrepcultural.org/coleccion-de-arte/artista/fran%C3%A7ois-d%C3%A9sir%C3%A9-roulin,12znheVFjnVQQUzqE2UiOZFAMBtZuZfY9,https://drive.google.com/file/d/12znheVFjnVQQUzqE2UiOZFAMBtZuZfY9/view,160.jpg,/img/corpus/roulin/160.jpg,,,"Colección de Arte del Banco de la República, reg: AP4087",roulin,corpus_ampliado,,no,,roulin_filtrado,153.0,yes
img_ap4088_place_st_victorin_bogota,img_154,"Place de St. Victorin, à Bogotá (Plaza de San Victorino, en Bogotá)",Imagen,Pintura,1823.0,1823.0,François Desiré Roulin,agt_roulin,inst_banrep,AP4088,https://www.banrepcultural.org/coleccion-de-arte/artista/fran%C3%A7ois-d%C3%A9sir%C3%A9-roulin,1A0aJgPT94nzLLiDXthaDeD6uqucmkEg2,https://drive.google.com/file/d/1A0aJgPT94nzLLiDXthaDeD6uqucmkEg2/view,161.jpg,/img/corpus/roulin/161.jpg,,,"Colección de Arte del Banco de la República, reg: AP4088",roulin,corpus_ampliado,,yes,1.0,roulin_filtrado,154.0,yes
img_ap4089_porte_guayra,img_155,Porte de la Guayra (Puerto de la Guaira),Imagen,Pintura,1823.0,1823.0,François Desiré Roulin,agt_roulin,inst_banrep,AP4089,https://www.banrepcultural.org/coleccion-de-arte/artista/fran%C3%A7ois-d%C3%A9sir%C3%A9-roulin,1FZ0ctUarVoOgppTgN8RW8vBJIt37RZcJ,https://drive.google.com/file/d/1FZ0ctUarVoOgppTgN8RW8vBJIt37RZcJ/view,162.jpg,/img/corpus/roulin/162.jpg,,,"Colección de Arte del Banco de la República, reg: AP4089",roulin,corpus_ampliado,,no,,roulin_filtrado,155.0,yes
img_ap4090_danse_pays,img_156,Danse du pays (Baile típico),Imagen,Pintura,1823.0,1823.0,François Desiré Roulin,agt_roulin,inst_banrep,AP4090,https://www.banrepcultural.org/coleccion-de-arte/artista/fran%C3%A7ois-d%C3%A9sir%C3%A9-roulin,1LpzrOTAW3KaAvOGU-2gAs_AuvTuUeMB9,https://drive.google.com/file/d/1LpzrOTAW3KaAvOGU-2gAs_AuvTuUeMB9/view,163.jpg,/img/corpus/roulin/163.jpg,,,"Colección de Arte del Banco de la República, reg: AP4090",roulin,corpus_ampliado,,no,,roulin_filtrado,156.0,yes
img_157_dibujo_cuaderno_enlazando_toros,img_157,Dibujo en cuaderno. Enlazando toros,Imagen,Pintura,1823.0,1823.0,François Desiré Roulin,agt_roulin,inst_banrep,,https://descubridor.banrepcultural.org/permalink/57BDLRDC_INST/qk5q4l/alma991008927709707486,1yez0Qo5mKQehyWZb6O13aDEPjsFX7EfS,https://drive.google.com/file/d/1yez0Qo5mKQehyWZb6O13aDEPjsFX7EfS/view,164.jpg,/img/corpus/roulin/164.jpg,,,"Marguerite Combes, Pauvre et aventureuse. Bourgeoisie. Roulin et ses amis (1796-1874), (Paris: Peyronnet, 1929)",roulin,corpus_ampliado,,no,,roulin_filtrado,157.0,yes
img_158_dibujo_cuaderno_toro,img_158,"Dibujo en cuaderno, toro",Imagen,Pintura,1823.0,1823.0,François Desiré Roulin,agt_roulin,inst_banrep,,https://descubridor.banrepcultural.org/permalink/57BDLRDC_INST/qk5q4l/alma991008927709707487,1NZ7UaG-c8d3rQpdWnNsEzlF_L1eY5m_W,https://drive.google.com/file/d/1NZ7UaG-c8d3rQpdWnNsEzlF_L1eY5m_W/view,165.jpg,/img/corpus/roulin/165.jpg,,,"Marguerite Combes, Pauvre et aventureuse. Bourgeoisie. Roulin et ses amis (1796-1874), (Paris: Peyronnet, 1929)",roulin,corpus_ampliado,,no,,roulin_filtrado,158.0,yes
img_159_dibujo_cuaderno_perro,img_159,"Dibujo en cuaderno, perro",Imagen,Pintura,1823.0,1823.0,François Desiré Roulin,agt_roulin,inst_banrep,,https://descubridor.banrepcultural.org/permalink/57BDLRDC_INST/qk5q4l/alma991008927709707488,1YYh3aH_JuCEOcv7iNZ_DuEHnmenX0Q-j,https://drive.google.com/file/d/1YYh3aH_JuCEOcv7iNZ_DuEHnmenX0Q-j/view,166.jpg,/img/corpus/roulin/166.jpg,,,"Marguerite Combes, Pauvre et aventureuse. Bourgeoisie. Roulin et ses amis (1796-1874), (Paris: Peyronnet, 1929)",roulin,corpus_ampliado,,no,,roulin_filtrado,159.0,yes
img_160_dibujo_cuaderno_cargueros_mina,img_160,"Dibujo en cuaderno, cargueros en mina",Imagen,Pintura,1823.0,1823.0,François Desiré Roulin,agt_roulin,inst_banrep,,https://descubridor.banrepcultural.org/permalink/57BDLRDC_INST/qk5q4l/alma991008927709707489,1TZaWtKqubnQGBlt6JHhtO5xj-45nqr4v,https://drive.google.com/file/d/1TZaWtKqubnQGBlt6JHhtO5xj-45nqr4v/view,167.jpg,/img/corpus/roulin/167.jpg,,,"Marguerite Combes, Pauvre et aventureuse. Bourgeoisie. Roulin et ses amis (1796-1874), (Paris: Peyronnet, 1929)",roulin,quindio_supia,,no,,roulin_filtrado,160.0,yes
img_161_dibujo_cuaderno_murcielago,img_161,"Dibujo en cuaderno, murciélago",Imagen,Pintura,1823.0,1823.0,François Desiré Roulin,agt_roulin,inst_banrep,,https://descubridor.banrepcultural.org/permalink/57BDLRDC_INST/qk5q4l/alma991008927709707490,1At_JBvegO62rSY2R386L81LKazpoCJU2,https://drive.google.com/file/d/1At_JBvegO62rSY2R386L81LKazpoCJU2/view,168.jpg,/img/corpus/roulin/168.jpg,,,"Marguerite Combes, Pauvre et aventureuse. Bourgeoisie. Roulin et ses amis (1796-1874), (Paris: Peyronnet, 1929)",roulin,corpus_ampliado,,no,,roulin_filtrado,161.0,yes
img_162_dibujo_cuaderno_escena_familiar,img_162,"Dibujo en cuaderno, escena familiar",Imagen,Pintura,1823.0,1823.0,François Desiré Roulin,agt_roulin,inst_banrep,,https://descubridor.banrepcultural.org/permalink/57BDLRDC_INST/qk5q4l/alma991008927709707491,1NNfj63dS3HLb_bxh00u19ufqHHMpie7W,https://drive.google.com/file/d/1NNfj63dS3HLb_bxh00u19ufqHHMpie7W/view,169.jpg,/img/corpus/roulin/169.jpg,,,"Marguerite Combes, Pauvre et aventureuse. Bourgeoisie. Roulin et ses amis (1796-1874), (Paris: Peyronnet, 1929)",roulin,corpus_ampliado,,no,,roulin_filtrado,162.0,yes
img_163_escena_carnaval_bogota,img_163,Una escena de Carnaval en Bogotá,Imagen,Pintura,1823.0,1823.0,François Desiré Roulin,agt_roulin,inst_wellcome_collection,,https://wellcomecollection.org/works/vkbkvn5f,1vKxGLRLq2CinpjwSjkv-hzr_HFzzCju4,https://drive.google.com/file/d/1vKxGLRLq2CinpjwSjkv-hzr_HFzzCju4/view,170.jpg,/img/corpus/roulin/170.jpg,,,"Christie's, London, Topographical pictures, 6 June 1996, lot 5",roulin,corpus_ampliado,,no,,roulin_filtrado,163.0,yes
img_co_agn_smp_4_uniformes_escuela_mineria,img_164,Uniformes para la Escuela de Minería,Imagen,Pintura,1823.0,1823.0,François Desiré Roulin,agt_roulin,inst_archivo_general_nacion_colombia,"CO.AGN.SMP.4,REF.497A",http://consulta.archivogeneral.gov.co/ConsultaWeb/imagenes.jsp?id=3254655&idNodoImagen=3254656&total=1&ini=1&fin=1,1fw_qtE9KDq6mIdPY-fh2rXgj0R80k9Aq,https://drive.google.com/file/d/1fw_qtE9KDq6mIdPY-fh2rXgj0R80k9Aq/view,171.jpg,/img/corpus/roulin/171.jpg,,,"AGN, CO.AGN.SMP.4,REF.497A",roulin,corpus_ampliado,,no,,roulin_filtrado,164.0,yes
img_168_mines_vega_supia,img_168,Mines de la Vega de Supia,Imagen,Grabado,1836.0,1836.0,"Alcide d'Orbigny, Francois Desire Roulin (Dibj.)",agt_roulin;agt_dorbigny_alcide,inst_internet_archive,,https://archive.org/details/voyagepittoresque00orbirich/page/78/mode/2up,1CCetyKJAxjUmT0z9MpfCFiX79__3NVng,https://drive.google.com/file/d/1CCetyKJAxjUmT0z9MpfCFiX79__3NVng/view,198.jpg,/img/corpus/roulin/198.jpg,,"El dibujo de Roulin del campamento en el camino de Quindío fue modificado y convertido en grabado en el libro de viajes de Alcide d’Orbigny Voyage Pittoresque dans les deux Amériques, un popular libro contribuyó de manera significativa a la difusión del conocimiento de la Nueva Granada. D’Orbigny, un especialista en moluscos, pertenecía al mismo círculo científico de Cuvier y Roulin. Así como este último, también fue acreditado como “discípulo” en la edición del Reino Animal de 1836. De hecho, su figura juega un papel fundamental en la investigación acerca de la determinación de las características raciales de los americanos para la clasificación del Reino Animal de Cuvier. En el texto la lámina del campamento del Quindío se titula Passage du Quindiu entre Ibagué & Cartago. Es invocada en el contexto en el que se está narrando el viaje desde Bogotá hasta Guayaquil. La narración de este tramo sigue de cerca la descripción hecha por Humboldt en Vues. La lámina es invocada expresamente (“Pt.X -3”) para aludir a los contaderos, que es el lugar en los “altos de las montañas” con fuente de agua próxima y comida para las “bestias” en donde se establece el campamento. Allí d’Orbigny vuelve sobre un tema tratado por Humboldt en su relato. Este es el del uso del Bijao  (Bichai, se lee en el relato), la hoja de una planta que está provista de un barniz que la hace “impermeable”, a la que, según he mencionado en varias ocasiones, se refirió Humboldt. Por su parte, la lámina muestra a diversas figuras llevando a cabo actividades en el campamento. A pesar de ser producto de un calco, la composición de la lámina de d’Orbigny, en comparación con el boceto de Roulin, muestra algunas diferencias. El plano del grabado usado por d’Orbigny es más abierto. Como si se quisiera mostrar una vista general, al contrario del plano más cerrado de Roulin que quiere detenerse en los detalles. Asimismo, hay cambios en algunas figuras. Por ejemplo, el sujeto que Combes confundió por Boussingault, que se encuentra en el borde derecho de la lámina, ya no tiene apariencia de un sujeto distinguido, sino más bien parece un campesino local. Tampoco se pueden apreciar los cargueros armando la tienda con las hojas de Bijao. También es de interés la lámina Minas de la Vega de Supía que representa el siguiente tramo en el recorrido del viajero ficticio de d’Orbigny. Aunque no se encuentra entre las acuarelas donadas en el 2003, esta lámina es muy probablemente hecha a partir de un dibujo de Roulin.","Alcide D’Orbigny, Voyage pittoresque dans les deux Amériques (Chez L. Tenré, Libraire-éditeur)",roulin,quindio_supia,,yes,1.0,roulin_filtrado,168.0,yes
img_169_view_pass_honda_to_bogota,img_169,View of the Pass From Honda to Bogotá,Imagen,Grabado,1827.0,1827.0,John Potter Hamilton,agt_hamilton_john_potter,inst_internet_archive,,https://archive.org/details/gpl_1792083/page/n17/mode/2up,1RQ_x6rk8Ouplzu8Y-AtZCYsed-5ZtPbK,https://drive.google.com/file/d/1RQ_x6rk8Ouplzu8Y-AtZCYsed-5ZtPbK/view,175.jpg,/img/corpus/roulin/175.jpg,,,"Hamilton, John Potter. 1827. Travels through the Interior Provinces of Columbia. London: : John Murray, Albemarle Street. http://archive.org/details/travelsthroughin01hami.",roulin,quindio_supia,,no,,roulin_filtrado,169.0,yes
img_170_lassing_bulls,img_170,Lassing the Bulls,Imagen,Grabado,1827.0,1827.0,John Potter Hamilton,agt_hamilton_john_potter,inst_internet_archive,,https://archive.org/details/travelsthroughin02hami/page/130/mode/2up,1ORPsrip6YFOlRN-Ls5CK3ErS2KsilEWL,https://drive.google.com/file/d/1ORPsrip6YFOlRN-Ls5CK3ErS2KsilEWL/view,176.jpg,/img/corpus/roulin/176.jpg,,,"Hamilton, John Potter. 1827. Travels through the Interior Provinces of Columbia, vol II. London: : John Murray, Albemarle Street. http://archive.org/details/travelsthroughin01hami.",roulin,quindio_supia,,no,,roulin_filtrado,170.0,yes
img_171_view_cabulla_on_river_suerez,img_171,View of a Cabulla on the river Suerez,Imagen,Grabado,1827.0,1827.0,John Potter Hamilton,agt_hamilton_john_potter,inst_internet_archive,,https://archive.org/details/gpl_1792083/page/n11/mode/2up,1QWs124htlVlz9D5zHvnhu4HVIGSydapg,https://drive.google.com/file/d/1QWs124htlVlz9D5zHvnhu4HVIGSydapg/view,177.jpg,/img/corpus/roulin/177.jpg,,,"Hamilton, John Potter. 1827. Travels through the Interior Provinces of Columbia. London: : John Murray, Albemarle Street. http://archive.org/details/travelsthroughin01hami.",roulin,quindio_supia,,no,,roulin_filtrado,171.0,yes
img_172_passage_across_cabulla_suata,img_172,Passage Across the Cabulla of Suatá,Imagen,Grabado,1827.0,1827.0,John Potter Hamilton,agt_hamilton_john_potter,inst_internet_archive,,https://archive.org/details/travelsthroughin02hami/page/n5/mode/2up,1ftaR5zNvKOzIcd3Mqc9XyjZDFl-bapOd,https://drive.google.com/file/d/1ftaR5zNvKOzIcd3Mqc9XyjZDFl-bapOd/view,178.jpg,/img/corpus/roulin/178.jpg,,,"Hamilton, John Potter. 1827. Travels through the Interior Provinces of Columbia, vol II. London: : John Murray, Albemarle Street. http://archive.org/details/travelsthroughin01hami.",roulin,quindio_supia,,no,,roulin_filtrado,172.0,yes
img_173_cottages_natives_at_hacienda_mondomo,img_173,Cottages and Natives at Hacienda Mondomo,Imagen,Grabado,1827.0,1827.0,John Potter Hamilton,agt_hamilton_john_potter,inst_internet_archive,,https://archive.org/details/travelsthroughin02hami/page/110/mode/2up,1FgPwsxR28CP85X5d0lrB6pa_7urA5Qgg,https://drive.google.com/file/d/1FgPwsxR28CP85X5d0lrB6pa_7urA5Qgg/view,179.jpg,/img/corpus/roulin/179.jpg,,,"Hamilton, John Potter. 1827. Travels through the Interior Provinces of Columbia, vol II. London: : John Murray, Albemarle Street. http://archive.org/details/travelsthroughin01hami.",roulin,quindio_supia,,no,,roulin_filtrado,173.0,yes
img_177_colombie,img_177,Colombie,Imagen,Grabado,1826.0,1826.0,"M. Lallement, Pierre Tardieu (Dibj.)",agt_lallement_m;agt_tardieu_pierre,inst_internet_archive,,https://archive.org/details/gri_33125012897654/page/n7/mode/2up,1CbOoiNY_zFjkA9-WOSuzCy9H3lFqIWa4,https://drive.google.com/file/d/1CbOoiNY_zFjkA9-WOSuzCy9H3lFqIWa4/view,183.jpg,/img/corpus/roulin/183.jpg,,"El mapa con el que abre la obra está rodeado por unas imágenes que hacen las veces de marco, y que cumplen la función de complementar la información cartográfica con un acercamiento corográfico, aportando información visual sobre vistas, tipos sociales y personajes notables que pueden hallarse en el territorio descrito por el mapa. En este marco de imágenes destaca Bolívar, quien preside la parte superior en el centro. A sus lados se encuentra una vista del Puente de Pandi y otra del salto de Tequendama. En la parte inferior podemos observar, ocupando toda la sección, al Chimborazo. En los costados se encuentran algunos tipos sociales tomados del relato de Gaspar Mollien publicado en 1825, que a su vez fueron tomados de originales de Francois Desiré Roulin. En primer lugar, es necesario resaltar que las vistas usadas fueron popularizadas por Humboldt en su obra Vues des Cordillèras y fueron reproducidas por un buen número de viajeros que, a lo largo del siglo XIX, siguieron sus pasos. También es necesario resaltar que la mayoría de las imágenes, excepto la del Chimborazo, se refieren a tipos y vistas de las tierras altas de la Nueva Granada. Asimismo, las montañas de la cordillera de los Andes, del mismo modo que en el mapa de Humboldt y otras autoridades recientes, han sido resaltadas de modo dramático.","Lallement, M. (Guillaume). 1826. Histoire de la Colombie. Paris, A. Eymery; [etc., etc.]. http://archive.org/details/gri_33125012897654.",roulin,corpus_ampliado,,no,,roulin_filtrado,177.0,yes
img_178_indiens_plaine_bogota,img_178,Indiens de la plaine de Bogota (Indígenas de la Sabana de Bogotá),Imagen,Grabado,1824.0,1824.0,François Desiré  Roulin (dib.) Legrand (grab.),agt_roulin;agt_legrand_grabador,inst_internet_archive,,https://archive.org/details/voyagedanslarpub01moll/page/76/mode/2up,16RQZ3iN_Ce9wQYCKOXk1FPt9dI-XDqpk,https://drive.google.com/file/d/16RQZ3iN_Ce9wQYCKOXk1FPt9dI-XDqpk/view,184.jpg,/img/corpus/roulin/184.jpg,,,"Mollien, Gaspard Théodore. 1824. Voyage dans la République de Colombia, en 1823. A Paris : Chez Arthus Bertrand, Libraire, Rue Hautefeuille, No 23. http://archive.org/details/voyagedanslarpub02moll.",roulin,corpus_ampliado,,no,,roulin_filtrado,178.0,yes
img_179_dame_cordillere_dame_plaines,img_179,Dame de la Cordillere. Dame des Plaines ( Dama de la cordillera. Dama de la sabana),Imagen,Grabado,1825.0,1825.0,François Desiré  Roulin (dib.) Legrand (grab.),agt_roulin;agt_legrand_grabador,inst_internet_archive,,https://archive.org/details/voyagedanslarpub02moll/page/n11/mode/2up,1ySUpArp_RHELCAvBXUaUaokmR8kEfNQ8,https://drive.google.com/file/d/1ySUpArp_RHELCAvBXUaUaokmR8kEfNQ8/view,185.jpg,/img/corpus/roulin/185.jpg,,,"Mollien, Gaspard Théodore. 1825. Voyage dans la République de Colombia, en 1823. A Paris : Chez Arthus Bertrand, Libraire, Rue Hautefeuille, No 23. http://archive.org/details/voyagedanslarpub02moll.",roulin,corpus_ampliado,,no,,roulin_filtrado,179.0,yes
img_180_m_volaille_mendiant_manoevoore,img_180,M de Volaille. Mendiant. Manoevoore (Vendedora de aves. Mendigo),Imagen,Grabado,1824.0,1824.0,François Desiré  Roulin (dib.) Legrand (grab.),agt_roulin;agt_legrand_grabador,inst_internet_archive,,https://archive.org/details/voyagedanslarpub01moll/page/270/mode/2up,1sxgN0h1CcME-usl5C0ewGfrFnBHRiXZ7,https://drive.google.com/file/d/1sxgN0h1CcME-usl5C0ewGfrFnBHRiXZ7/view,186.jpg,/img/corpus/roulin/186.jpg,,,"Mollien, Gaspard Théodore. 1824. Voyage dans la République de Colombia, en 1823. A Paris : Chez Arthus Bertrand, Libraire, Rue Hautefeuille, No 23. http://archive.org/details/voyagedanslarpub02moll.",roulin,corpus_ampliado,,no,,roulin_filtrado,180.0,yes
img_181_pretre_riche_bourgeois_gen_chef,img_181,Prétre. Riche Bourgeois. Gen. en chef de la Repúblique. (Sacerdote. Rico burgués. Gral en jefe de la República),Imagen,Grabado,1824.0,1824.0,François Desiré  Roulin (dib.) Legrand (grab.),agt_roulin;agt_legrand_grabador,inst_internet_archive,,https://archive.org/details/voyagedanslarpub01moll/page/n299/mode/2up,1--oN4CO3HGfI5sY3RvwDAD57pTIlVV48,https://drive.google.com/file/d/1--oN4CO3HGfI5sY3RvwDAD57pTIlVV48/view,187.jpg,/img/corpus/roulin/187.jpg,,,"Mollien, Gaspard Théodore. 1824. Voyage dans la République de Colombia, en 1823. A Paris : Chez Arthus Bertrand, Libraire, Rue Hautefeuille, No 23. http://archive.org/details/voyagedanslarpub02moll.",roulin,corpus_ampliado,,no,,roulin_filtrado,181.0,yes
img_192_montaje_perros_obra_roulin,img_192,Montaje de los perros en la obra de Roulin,Imagen,Montaje,1823.0,1823.0,François Desiré Roulin,agt_roulin,inst_banrep,,https://www.banrepcultural.org/coleccion-de-arte/artista/fran%C3%A7ois-d%C3%A9sir%C3%A9-roulin,1U4eTv5Lp5HgKUGRWouaED2tknBUR3v9p,https://drive.google.com/file/d/1U4eTv5Lp5HgKUGRWouaED2tknBUR3v9p/view,199.jpg,/img/corpus/roulin/199.jpg,,"Las acuarelas de Roulin encontradas en 2003 también se pueden interpretar en relación con una memoria presentada por el mismo autor a los Anales de Ciencias Naturales en 1829 acerca de los animales domésticos traídos de Europa al Nuevo Mundo. La acuarela Bords de la Magdelaine. Ménage d'une famille de pêcheur de 1823 parece ser una ilustración de ese texto en el que se menciona que las viviendas de pescadores en las orillas del Magdalena albergan “perros de tierra caliente”, cuya raza se ha deteriorado por falta de alimento y condiciones excepcionales que obligan a los animales a volver a estados salvajes. En las láminas de Roulin, como Bords de la Magdelaine, Place de St. Victorin à Bogotá o Entrée du marché de Honda, se pueden ver perros conviviendo junto a humanos en diferentes climas y regiones. Esto permite ver cómo los perros han cambiado y se han adaptado a diferentes entornos y situaciones, y cómo han afectado a, y se han visto afectados por, las comunidades en las que viven. En definitiva, las acuarelas de Roulin, en conjunto con su memoria escrita, ofrecen una visión valiosa sobre los cambios en los animales domésticos y su relación con los climas y las comunidades en el Nuevo Mundo.",Colección de arte del Banco de laRepública,roulin,corpus_ampliado,,no,,roulin_filtrado,192.0,yes
img_300_camino_napo,img_300,En el Camino del Napo,Imagen,Pintura,1858.0,1858.0,Anónimo,agt_anonimo,inst_museo_nacional_ecuador,,,1104EIIRRDzxXdPBvoaR5a8nlGUT4_QqK,https://drive.google.com/file/d/1104EIIRRDzxXdPBvoaR5a8nlGUT4_QqK/view,307.jpg,/img/corpus/roulin/307.jpg,,"La acuarela sin información de autor ni de fecha se encuentra en el Museo Nacional de Ecuador, que muestra un carguero con notables similitudes al representado por Manuel Villavicencio en la Geografía del Ecaudor de 1858. Podemos especular que el grabado presente en el libro de Manuel Villavicencio, así como la acuarela anónima, tomaron como modelo el grabado de Hamilton, aunque no hay certeza sobre si lo hizo directamente o a través de otro ejemplar",Museo Nacional de Ecuador,roulin,corpus_ampliado,,no,,roulin_filtrado,300.0,yes
img_301_camino_napo_subida_guacamayos,img_301,Camino del Napo. Subida de Guacamayos,Imagen,Grabado,1858.0,1858.0,Manuel Villavicencio,agt_villavicencio_manuel,inst_google_books,,https://books.google.com.co/books?id=mO_FCDYFAaEC&printsec=frontcover&source=gbs_ge_summary_r&cad=0#v=onepage&q&f=false,16tHT1ShIbAFL25wBNvzLb6tLXaQ1Ml4H,https://drive.google.com/file/d/16tHT1ShIbAFL25wBNvzLb6tLXaQ1Ml4H/view,308.jpg,/img/corpus/roulin/308.jpg,,"El grabado presente en el libro de Manuel Villavicencio también podría haber tomado como modelo el grabado de Hamilton, aunque no hay certeza sobre si lo hizo directamente o a través de otro ejemplar. Además, se encuentra una acuarela sin información de autor ni de fecha en el Museo Nacional de Ecuador, que muestra un carguero con notables similitudes al representado por Villavicencio. Esta circunstancia sugiere que el grabado de Villavicencio y la acuarela anónima del Museo Nacional de Ecuador, forman parte de una red de préstamos, copias, apropiaciones y uso de modelos, características del modo de circulación de acuarelas y grabados de viajeros y de costumbres en el siglo XIX latinoamericano","Manuel Villavicencio, Geografia de la republica del Ecuador (New York: Imprenta de Robert Craighead, 1858)",roulin,corpus_ampliado,,no,,roulin_filtrado,301.0,yes
img_ci_vi_107_mujer_con_balde,img_165,Mujer con Balde,Imagen,Pintura,1830.0,1830.0,Alphonse Giast [Atribuido],agt_giast_alphonse,inst_archivo_central_andres_bello,CI_VI_107,https://libros.uchile.cl/files/presses/1/monographs/670/submission/proof/index.html#36,1vbNs41L4zvaIwOeo-aLxKgsyL5VRv1Es,https://drive.google.com/file/d/1vbNs41L4zvaIwOeo-aLxKgsyL5VRv1Es/view,172.jpg,/img/corpus/roulin/172.jpg,,,"Archivo Central Andrés Bello, Nº Ivent: CI_VI_107",giast,giast_archivo,,yes,1.0,giast_filtrado,165.0,yes
img_ci_vi_113_caballero_tomando_te,img_166,Caballero tomando Té,Imagen,Pintura,1830.0,1830.0,Alphonse Giast [Atribuido],agt_giast_alphonse,inst_archivo_central_andres_bello,CI_VI_113,https://libros.uchile.cl/files/presses/1/monographs/670/submission/proof/index.html#42,14xbOyf0AgDfRZo7EO-_KGXo8SuaM0VZa,https://drive.google.com/file/d/14xbOyf0AgDfRZo7EO-_KGXo8SuaM0VZa/view,173.jpg,/img/corpus/roulin/173.jpg,,,"Archivo Central Andrés Bello, Nº Ivent: CI_VI_113",giast,giast_archivo,,no,,giast_filtrado,166.0,yes
img_rgs425014_taking_chocolate_bogota,img_167,Taking Chocolate in Bogotá,Imagen,Pintura,1840.0,1840.0,Joseph Brown [Atribuido],agt_brown_joseph,inst_royal_geographical_society,RGS425014,https://worldcat.org/es/title/22382447,179ykhU_XkctOkiFux9iI6fOQ-vB7Grc8,https://drive.google.com/file/d/179ykhU_XkctOkiFux9iI6fOQ-vB7Grc8/view,174.jpg,/img/corpus/roulin/174.jpg,,,"Royal Geographical Society, London, UK, RGS425014",giast,giast_archivo,,no,,giast_filtrado,167.0,yes
txt_roulin_1829a_memoire_tapir,roulin_1829a_memoire_tapir,Mémoire pour servir à l'histoire du tapir,Texto,memoria científica,1829.0,1829.0,François-Désiré Roulin,agt_roulin,inst_biodiversity_heritage_library,,https://www.biodiversitylibrary.org/item/29175,,,,,,"Memoria donde se articulan cámara lúcida, dibujo y comparación anatómica del tapir.","Roulin 1829a, Annales des Sciences Naturelles, 17, 26–55",roulin,tapir_palaeotherium,,yes,1.0,ensayo,,no
txt_roulin_1829b_recherches_changemens,roulin_1829b_recherches_changemens,Recherches sur quelques changemens observés dans les animaux domestiques,Texto,memoria científica,1829.0,1829.0,François-Désiré Roulin,agt_roulin,inst_biodiversity_heritage_library,,https://www.biodiversitylibrary.org/item/29175,,,,,,Memoria científica usada para contextualizar observaciones sobre animales domésticos y orillas del Magdalena.,"Roulin 1829b, Annales des Sciences Naturelles, 16, 16–34",roulin,magdalena_observacion,,yes,2.0,ensayo,,no
pub_acosta_1849_viajes_cientificos,acosta_1849_viajes_cientificos,Viajes científicos a los Andes ecuatoriales,Publicacion,traducción/edición,1849.0,1849.0,Joaquín Acosta (trad./ed.),agt_acosta_joaquin,inst_desconocido,,,,,,,,Mediación republicana que traduce y recompone memorias y láminas para auditorios hispanoamericanos.,Acosta 1849,,mediacion_republicana,,yes,1.0,ensayo,,no
pub_cuvier_1812_ossemens_fossiles,cuvier_1812_ossemens_fossiles,"Recherches sur les ossemens fossiles, t. 3",Publicacion,historia natural/paleontología,1812.0,1812.0,Georges Cuvier,agt_cuvier_georges,inst_desconocido,"t. 3, planche VII",,,,,,,Modelo osteológico para la comparación con Palaeotherium.,"Cuvier 1812, t. 3, planche VII",cuvier,tapir_palaeotherium,,yes,1.0,ensayo,,no
pub_dorbigny_1836_voyage_pittoresque,dorbigny_1836_voyage_pittoresque,Voyage pittoresque dans les deux Amériques,Publicacion,publicación ilustrada,1836.0,1836.0,Alcide d’Orbigny,agt_dorbigny_alcide,inst_internet_archive,planche X,https://archive.org/details/voyagepittoresque00orbirich,,,,,,Publicación ilustrada que recompone y reutiliza materiales visuales americanos.,d’Orbigny 1836,,quindio_supia,,yes,1.0,ensayo,,no
pub_combes_1929_roulin,combes_1929_roulin,Pauvre et aventureuse bourgeoisie: Roulin et ses amis (1796–1874),Publicacion,biografía,1929.0,1929.0,Marguerite Combes,agt_combes_marguerite,inst_desconocido,,,,,,,,Biografía que reproduce el dibujo del campamento del Quindío atribuido a Roulin.,Combes 1929,roulin,quindio_supia,,yes,1.0,ensayo,,no
pub_roulin_1865_histoire_naturelle,roulin_1865_histoire_naturelle,Histoire naturelle et souvenirs de voyage,Publicacion,recopilación,1865.0,1865.0,François-Désiré Roulin,agt_roulin,inst_desconocido,p. 263,,,,,,,Recopilación donde Roulin menciona un dibujo de carguero hecho para Humboldt.,"Roulin 1865, p. 263",roulin,quindio_supia,,yes,2.0,ensayo,,no
tool_camara_lucida,camara_lucida,Cámara lúcida,Instrumento,instrumento óptico,,,,,,,,,,,,,Instrumento óptico que opera como infraestructura de comparabilidad visual.,"Roulin 1829a, p. 29",,tapir_palaeotherium,,yes,1.0,ensayo,,no
tax_palaeotherium,palaeotherium,Palaeotherium,Concepto/Taxon,animal fósil,,,,,,,,,,,,,Forma extinta movilizada como comparación en la anatomía del tapir.,Cuvier 1812; Roulin 1829a,,tapir_palaeotherium,,yes,1.0,ensayo,,no
con_modelo_roulin_cluster,modelo_roulin_cluster,Cluster modelo Roulin,Concepto curatorial,cluster de modelo visual,,,,,,,,,,,,,Agrupación heredada de la base doctoral. No debe confundirse con una relación directa de derivación.,"Base doctoral, campo modelo=roulin",roulin,corpus_ampliado,,no,,base_doctoral,,yes
con_testimonio,testimonio,Testimonio,Concepto,función de inscripción,,,,,,,,,,,,,Función de inscripción asociada a respaldo de observación directa y ensamblaje texto-imagen.,Ensayo Roulin,,conceptos,,yes,2.0,ensayo,,no
con_plantilla,plantilla,Plantilla,Concepto,función de inscripción,,,,,,,,,,,,,"Función modular de imagen que permite copia, recorte, reuso y recomposición.",Ensayo Roulin,,conceptos,,yes,2.0,ensayo,,no
con_inscripcion_probatoria,inscripcion_probatoria,Inscripción probatoria,Concepto,función de inscripción,,,,,,,,,,,,,Función de registro visual que estabiliza observaciones y las vuelve discutibles a distancia.,Ensayo Roulin,,conceptos,,yes,2.0,ensayo,,no
img_peoner_i_andisca_bergen,gosselman_peoner_andisca_bergen,Peoner i andisca bergen,Imagen,grabado/publicación ilustrada,1827.0,1827.0,Karl August Gosselman,agt_gosselman_karl_august,inst_desconocido,,,,,,,,Nodo reconstruido desde red previa en Flourish; relación hipotética por correspondencia visual con Hamilton.,"Karl August Gosselman, Resa i Colombia, åren 1825 och 1826 (Estocolmo, 1827). Dato proveniente de red previa/pantallazo; revisar fuente.",roulin,quindio_supia,,yes,2.0,red_flourish_previa,,yes
pub_cuvier_1836_Regne_animal,,Le règne animal distribué d'après son organisation (1836),Publicacion,historia natural,1836.0,1836.0,Georges Cuvier et al.,agt_cuvier_georges;agt_audouin_jean_victor;agt_blanchard_emile;agt_deshayes_gerard_paul;agt_valenciennes_achille,inst_biodiversity_heritage_library,,,,,,,,"Edición de 1836 del Règne animal; colaboradores incluyen Audouin, Blanchard, Deshayes y Valenciennes; contiene láminas de Roulin.",Cuvier et al. 1836,cuvier,Regne_animal,,yes,1.0,expansion_global,,no
pub_egypte_1809_description,,Description de l'Égypte,Publicacion,atlas monumental,1809.0,1828.0,Commission des sciences et arts d'Égypte,,inst_bnf_gallica,,,,,,,,"Monumental obra de ciencia napoleónica; recopilación de observaciones naturales, arqueológicas y geográficas de Egipto y Siria.",Commission des sciences et arts d'Égypte 1809-1828,,egypte,,yes,1.0,expansion_global,,no
pub_audouin_1826_crustaces_egypte,,Explication sommaire des planches de Crustacés de l'Égypte et de la Syrie,Publicacion,sección de atlas,1826.0,1826.0,Jean-Victor Audouin,agt_audouin_jean_victor,inst_bnf_gallica,,,,,,,,Sección sobre crustáceos de Egipto y Siria dentro de la Description de l'Égypte; naturalismo napoleónico e imperial.,Description de l'Égypte / Audouin 1826,,egypte,,yes,1.0,expansion_global,,no
pub_algerie_1844_exploration,,Exploration scientifique de l'Algérie,Publicacion,atlas científico,1844.0,1848.0,Commission scientifique de l'Algérie,agt_deshayes_gerard_paul,inst_internet_archive,,https://archive.org/details/Explorationscie00D,,,,,,"Misión científica oficial en Argelia colonial francesa; Deshayes es autor de la sección de moluscos.",Commission scientifique de l'Algérie 1844-1848,,algerie,,yes,1.0,expansion_global,,no
pub_moree_1832_expedition,,Expédition scientifique de Morée. Section des sciences physiques,Publicacion,atlas científico,1832.0,1838.0,"Bory de Saint-Vincent (dir.); Gérard Paul Deshayes (col.)",agt_bory_de_saint_vincent;agt_deshayes_gerard_paul,inst_bnf_gallica,,,,,,,,"Expedición militar-científica francesa en Grecia; documenta la naturaleza del Mediterráneo oriental durante la formación del estado griego.",Expédition scientifique de Morée 1832-1838,,moree,,yes,1.0,expansion_global,,no
pub_pole_sud_1842_voyage,,Voyage au Pôle Sud et dans l'Océanie,Publicacion,atlas de expedición,1842.0,1854.0,Jules Dumont d'Urville,agt_dumont_durville_jules,inst_bnf_gallica,,,,,,,,"Expedición naval francesa de 1837-1840; documenta Antártida y Oceanía; incluye tomos de zoología, botánica y antropología.",Dumont d'Urville 1842-1854,,pole_sud,,yes,1.0,expansion_global,,no
pub_blanchard_1853_insectes,,Voyage au Pôle Sud: Description des insectes,Publicacion,sección de atlas,1853.0,1853.0,Émile Blanchard,agt_blanchard_emile,inst_biodiversity_heritage_library,,,,,,,,Sección entomológica del Voyage au Pôle Sud et dans l'Océanie; Blanchard era colaborador del Règne animal.,Blanchard 1853 in Voyage au Pôle Sud,,pole_sud,,no,,expansion_global,,no
pub_venus_1841_voyage,,Voyage autour du monde sur la frégate La Vénus,Publicacion,atlas de expedición,1841.0,1855.0,"Abel Aubert du Petit-Thouars (com.); Achille Valenciennes (zool.)",agt_du_petit_thouars_abel;agt_valenciennes_achille,inst_internet_archive,,https://archive.org/details/voyageautourdum00dupe,,,,,,"Viaje mundial de la fragata La Vénus (1836-1839); incluye atlas zoológico con ictiología de Valenciennes y atlas pittoresco.",Du Petit-Thouars 1841-1855,,venus,,yes,1.0,expansion_global,,no
